Connecticut,New England & Mid Atlantic
Maine,New England & Mid Atlantic
Massachusetts,New England & Mid Atlantic
New Hampshire,New England & Mid Atlantic
Rhode Island,New England & Mid Atlantic
Vermont,New England & Mid Atlantic
New Jersey,New England & Mid Atlantic
New York,New England & Mid Atlantic
Pennsylvania,New England & Mid Atlantic
Illinois,Midwest
Indiana,Midwest
Michigan,Midwest
Ohio,Midwest
Wisconsin,Midwest
Iowa,Midwest
Kansas,Midwest
Minnesota,Midwest
Missouri,Midwest
Nebraska,Midwest
North Dakota,Midwest
South Dakota,Midwest
Delaware,South
District of Columbia,South
Florida,South
Georgia,South
Maryland,South
North Carolina,South
South Carolina,South
Virginia,South
West Virginia,South
Alabama,South
Kentucky,South
Mississippi,South
Tennessee,South
Arkansas,South
Louisiana,South
Oklahoma,South
Texas,South
Arizona,West
Colorado,West
Idaho,West
Montana,West
Nevada,West
New Mexico,West
Utah,West
Wyoming,West
Alaska,West
California,West
Hawaii,West
Oregon,West
Washington,West